{
  "loss": [
    0.6470353603363037,
    0.0984739139676094,
    0.02762370929121971,
    0.013752339407801628,
    0.007935422472655773,
    0.005878070835024118,
    0.004726937972009182,
    0.004462901968508959,
    0.0020178784616291523,
    0.0019025306683033705,
    0.0010294701205566525,
    0.0006361975101754069,
    0.0010736576514318585,
    0.00044954277109354734,
    0.0004762329626828432,
    0.00045608810614794493,
    0.00042981517617590725,
    0.0003433370147831738,
    0.00028599100187420845,
    0.00039253116119652987,
    0.00034445227356627584,
    0.0002958158729597926,
    0.000306774367345497,
    0.00033305707620456815,
    0.0002836720086634159,
    0.0002735549642238766,
    0.0003131541016045958,
    0.00029100579558871686,
    0.0002491256163921207,
    0.0001872818247647956
  ],
  "accuracy": [
    0.7302255630493164,
    0.9839758276939392,
    0.9953809380531311,
    0.9974338412284851,
    0.9988594651222229,
    0.9990803599357605,
    0.9988594651222229,
    0.999230146408081,
    0.9996008276939392,
    0.9996791481971741,
    0.9998574256896973,
    0.99994295835495,
    0.9998859763145447,
    0.9999715089797974,
    0.9999715089797974,
    0.9999144673347473,
    0.9999715089797974,
    0.9999715089797974,
    0.9999715089797974,
    0.9999715089797974,
    0.9999715089797974,
    0.9999715089797974,
    0.9999715089797974,
    0.9999715089797974,
    0.9999715089797974,
    0.9999715089797974,
    0.9999715089797974,
    0.9999715089797974,
    0.9999715089797974,
    0.9999715089797974
  ],
  "val_loss": [
    0.4295973479747772,
    0.1592063456773758,
    0.22962696850299835,
    0.03602498024702072,
    0.016201088204979897,
    0.07668480277061462,
    0.015100052580237389,
    0.023371350020170212,
    0.024308837950229645,
    0.06789176166057587,
    0.015645703300833702,
    0.025066709145903587,
    0.017028270289301872,
    0.016609735786914825,
    0.016004445031285286,
    0.01956779509782791,
    0.016099637374281883,
    0.0150483138859272,
    0.015686718747019768,
    0.014711135998368263,
    0.014290472492575645,
    0.014731274917721748,
    0.014211347326636314,
    0.014882056973874569,
    0.014362948946654797,
    0.014809670858085155,
    0.01450592465698719,
    0.015431001782417297,
    0.014939756132662296,
    0.015173348598182201
  ],
  "val_accuracy": [
    0.934951663017273,
    0.9524925947189331,
    0.9319940805435181,
    0.9910714626312256,
    0.9966145753860474,
    0.9891927242279053,
    0.9967448115348816,
    0.9963541626930237,
    0.9959635138511658,
    0.9917968511581421,
    0.9971354007720947,
    0.9958333373069763,
    0.996874988079071,
    0.996874988079071,
    0.9971354007720947,
    0.9971354007720947,
    0.997265636920929,
    0.9971354007720947,
    0.9971354007720947,
    0.997265636920929,
    0.9971354007720947,
    0.9971354007720947,
    0.9973958134651184,
    0.9971354007720947,
    0.9971354007720947,
    0.9971354007720947,
    0.9971354007720947,
    0.997265636920929,
    0.9973958134651184,
    0.9973958134651184
  ]
}