{
  "loss": [
    0.8311298489570618,
    0.3005584478378296,
    0.12099456787109375,
    0.07366219907999039,
    0.05021226778626442,
    0.030595580115914345,
    0.024322159588336945,
    0.019345194101333618,
    0.012580566108226776,
    0.012908190488815308,
    0.010511809028685093,
    0.009902678430080414,
    0.007716551423072815,
    0.009550015442073345,
    0.0039097159169614315,
    0.006805673707276583,
    0.007986500859260559,
    0.004020288120955229,
    0.008521441370248795,
    0.016738930717110634,
    0.0046361833810806274,
    0.004453488625586033,
    0.008021713234484196,
    0.007696826942265034,
    0.0039093527011573315,
    0.00613245228305459,
    0.005316016264259815,
    0.009910163469612598,
    0.008488412946462631,
    0.005242563784122467
  ],
  "accuracy": [
    0.6028695702552795,
    0.927146852016449,
    0.9768176674842834,
    0.9837282299995422,
    0.987197756767273,
    0.9929003119468689,
    0.9946486353874207,
    0.9960742592811584,
    0.9973767995834351,
    0.9973003268241882,
    0.9978330135345459,
    0.9977189898490906,
    0.9985173344612122,
    0.9980326294898987,
    0.999173104763031,
    0.9982892274856567,
    0.9982607364654541,
    0.9992586970329285,
    0.997947096824646,
    0.9954664707183838,
    0.9991446137428284,
    0.999030590057373,
    0.9975944757461548,
    0.9976904392242432,
    0.9990590810775757,
    0.9983267784118652,
    0.9985743761062622,
    0.996920645236969,
    0.9975479245185852,
    0.9988309741020203
  ],
  "val_loss": [
    0.6934405565261841,
    0.1370874047279358,
    0.052235305309295654,
    0.023725513368844986,
    1.0810761451721191,
    0.06496946513652802,
    0.023731540888547897,
    0.021236417815089226,
    0.024591980502009392,
    0.009885294362902641,
    0.009067025035619736,
    0.008232401683926582,
    2.622499942779541,
    16.383012771606445,
    0.006562648806720972,
    20.50213050842285,
    0.4665886163711548,
    11.096244812011719,
    0.6798927187919617,
    0.8113753199577332,
    0.18375377357006073,
    0.12764306366443634,
    0.03211361914873123,
    0.011860554106533527,
    0.005887241568416357,
    0.004295405466109514,
    0.004443818237632513,
    0.01961030811071396,
    1.744695782661438,
    0.8013829588890076
  ],
  "val_accuracy": [
    0.7922215461730957,
    0.9752572774887085,
    0.9906930923461914,
    0.9947034120559692,
    0.854835033416748,
    0.9825779795646667,
    0.9932467937469482,
    0.9941737055778503,
    0.9947034120559692,
    0.9974840879440308,
    0.9969544410705566,
    0.9976165294647217,
    0.7168015837669373,
    0.27778828144073486,
    0.9981461763381958,
    0.19281552731990814,
    0.9135138988494873,
    0.44578543305397034,
    0.909182071685791,
    0.886406660079956,
    0.9587053656578064,
    0.9698660969734192,
    0.9917524456977844,
    0.9969544410705566,
    0.9988082647323608,
    0.9990730881690979,
    0.9984109997749329,
    0.9945709705352783,
    0.7336939573287964,
    0.8767781853675842
  ]
}