{
  "loss": [
    0.9178493022918701,
    0.6854003071784973,
    0.6000658273696899,
    0.5501741766929626,
    0.50359708070755,
    0.4785591661930084,
    0.4588460922241211,
    0.43508031964302063,
    0.41934406757354736,
    0.41672319173812866,
    0.40743398666381836,
    0.4015652537345886,
    0.39970463514328003,
    0.3860679566860199,
    0.4021076261997223,
    0.38572221994400024,
    0.3675425350666046,
    0.3487741947174072,
    0.20917931199073792,
    0.10779827833175659,
    0.08216867595911026,
    0.07645560801029205,
    0.19022990763187408,
    0.20084922015666962,
    0.1845521777868271,
    0.1970728039741516,
    0.14260771870613098,
    0.08735301345586777,
    0.21299563348293304,
    0.20058555901050568
  ],
  "accuracy": [
    0.5159738063812256,
    0.6860167980194092,
    0.8189175724983215,
    0.8626651763916016,
    0.8698989748954773,
    0.8709271550178528,
    0.8716248273849487,
    0.8723863363265991,
    0.8737062811851501,
    0.8736492395401001,
    0.8740618824958801,
    0.8742972612380981,
    0.8751749992370605,
    0.8746114373207092,
    0.8748535513877869,
    0.8742983937263489,
    0.874810516834259,
    0.874989926815033,
    0.9360156655311584,
    0.9733830094337463,
    0.9865699410438538,
    0.9801539778709412,
    0.9432858824729919,
    0.9332929849624634,
    0.9347683191299438,
    0.9356215000152588,
    0.9451677203178406,
    0.9750999808311462,
    0.9351323246955872,
    0.9377342462539673
  ],
  "val_loss": [
    0.8740777969360352,
    0.6855061054229736,
    0.6027976274490356,
    0.6041468977928162,
    0.46871840953826904,
    0.5215865969657898,
    0.4061379134654999,
    0.40420007705688477,
    0.3924697935581207,
    0.43332135677337646,
    0.3952969014644623,
    0.4445548951625824,
    0.37736618518829346,
    0.37615907192230225,
    0.36244335770606995,
    0.3408222496509552,
    0.3135066330432892,
    0.38682836294174194,
    0.4680633544921875,
    0.11596322804689407,
    0.4964512586593628,
    0.12205714732408524,
    0.1058088093996048,
    0.09055829048156738,
    0.050495684146881104,
    0.024732621386647224,
    0.010203448124229908,
    0.049303971230983734,
    0.011215711943805218,
    0.007393697742372751
  ],
  "val_accuracy": [
    0.12468377500772476,
    0.8669828772544861,
    0.8670386672019958,
    0.8753162622451782,
    0.8753162622451782,
    0.8753162622451782,
    0.8753162622451782,
    0.8753162622451782,
    0.8753162622451782,
    0.8753162622451782,
    0.875186026096344,
    0.8753162622451782,
    0.8753162622451782,
    0.8753162622451782,
    0.8753162622451782,
    0.8753162622451782,
    0.8753162622451782,
    0.8753162622451782,
    0.879092276096344,
    0.9648995995521545,
    0.8862723112106323,
    0.9945870637893677,
    0.9724516272544861,
    0.9718006253242493,
    0.99609375,
    0.9983072876930237,
    0.9967448115348816,
    0.9971354007720947,
    0.9963541626930237,
    0.9973958134651184
  ]
}