{
  "loss": [
    0.8705956935882568,
    0.336633563041687,
    0.09866445511579514,
    0.055782102048397064,
    0.04017896205186844,
    0.028714267536997795,
    0.02853277511894703,
    0.024006439372897148,
    0.0175484512001276,
    0.013359013013541698,
    0.01119600236415863,
    0.009259959682822227,
    0.008386023342609406,
    0.010859261266887188,
    0.007143076043576002,
    0.007413001731038094,
    0.006008146796375513
  ],
  "accuracy": [
    0.5910624861717224,
    0.9186385273933411,
    0.9892149567604065,
    0.9948107004165649,
    0.9967210292816162,
    0.9976619482040405,
    0.9974266290664673,
    0.9977402687072754,
    0.9983747601509094,
    0.9987169504165649,
    0.9992871880531311,
    0.9994012117385864,
    0.9994297623634338,
    0.9990020394325256,
    0.9995437860488892,
    0.9995152950286865,
    0.9995723366737366
  ],
  "val_loss": [
    0.6930028796195984,
    0.40611526370048523,
    0.3131355941295624,
    0.15936876833438873,
    0.17111057043075562,
    2.3270771503448486,
    12.127209663391113,
    33.82855224609375,
    25.824586868286133,
    25.820293426513672,
    20.587141036987305,
    9.621438980102539,
    4.600996971130371,
    1.1262162923812866,
    1.0167070627212524,
    2.6142730712890625,
    2.129134178161621
  ],
  "val_accuracy": [
    0.5838169455528259,
    0.8878719806671143,
    0.8947916626930237,
    0.9543898701667786,
    0.9710193872451782,
    0.7707775235176086,
    0.37561383843421936,
    0.13785341382026672,
    0.16223958134651184,
    0.16672247648239136,
    0.2105654776096344,
    0.47555801272392273,
    0.6725074052810669,
    0.8995535373687744,
    0.899423360824585,
    0.7937871813774109,
    0.8183407187461853
  ]
}