{
  "loss": [
    0.8139452338218689,
    0.5551042556762695,
    0.46845394372940063,
    0.4057699143886566,
    0.37969908118247986,
    0.3767721354961395,
    0.3772418797016144,
    0.37716299295425415,
    0.37807196378707886,
    0.3773864209651947,
    0.3764990568161011,
    0.37633663415908813,
    0.3766648769378662,
    0.3769119679927826,
    0.3766244649887085,
    0.376973032951355,
    0.37694022059440613,
    0.3770972490310669,
    0.3770078420639038,
    0.3765031397342682,
    0.37719249725341797,
    0.37654486298561096,
    0.37669405341148376,
    0.3767074942588806,
    0.3772004544734955,
    0.37669578194618225,
    0.3766663372516632,
    0.377047598361969,
    0.37684229016304016,
    0.37663722038269043
  ],
  "accuracy": [
    0.6325525641441345,
    0.8740920424461365,
    0.8756653070449829,
    0.8757882714271545,
    0.8758319020271301,
    0.8757665157318115,
    0.8757228851318359,
    0.8757083415985107,
    0.8757810592651367,
    0.8757591843605042,
    0.8757519721984863,
    0.8757591843605042,
    0.8757591843605042,
    0.8757810592651367,
    0.8757519721984863,
    0.8757374286651611,
    0.8757301568984985,
    0.8758028149604797,
    0.8757010698318481,
    0.8758100867271423,
    0.8757301568984985,
    0.8757374286651611,
    0.8757083415985107,
    0.8757519721984863,
    0.8757519721984863,
    0.8757591843605042,
    0.8757810592651367,
    0.8757301568984985,
    0.8757228851318359,
    0.8757228851318359
  ],
  "val_loss": [
    0.6503322720527649,
    0.5197802186012268,
    0.43500128388404846,
    0.38290151953697205,
    0.377312570810318,
    0.3773537576198578,
    0.3814705014228821,
    0.3950853645801544,
    0.39404407143592834,
    0.41908490657806396,
    0.3783687949180603,
    0.3779098391532898,
    0.3855510950088501,
    0.3763607144355774,
    0.3890191912651062,
    0.3781794309616089,
    0.3762873113155365,
    0.3763495981693268,
    0.3814984858036041,
    0.37623608112335205,
    0.37643158435821533,
    0.3761822581291199,
    0.37743738293647766,
    0.37666499614715576,
    0.37684932351112366,
    0.37627923488616943,
    0.37703344225883484,
    0.3761546015739441,
    0.3764462471008301,
    0.37650108337402344
  ],
  "val_accuracy": [
    0.8753162622451782,
    0.8753162622451782,
    0.8753162622451782,
    0.8753162622451782,
    0.8753162622451782,
    0.875186026096344,
    0.8753162622451782,
    0.8753162622451782,
    0.8753162622451782,
    0.8753162622451782,
    0.8753162622451782,
    0.8753162622451782,
    0.8753162622451782,
    0.8753162622451782,
    0.8753162622451782,
    0.8753162622451782,
    0.8753162622451782,
    0.8753162622451782,
    0.8753162622451782,
    0.8753162622451782,
    0.8753162622451782,
    0.8753162622451782,
    0.8753162622451782,
    0.8753162622451782,
    0.8753162622451782,
    0.8753162622451782,
    0.8753162622451782,
    0.8753162622451782,
    0.8753162622451782,
    0.8753162622451782
  ]
}