{
  "loss": [
    0.8437450528144836,
    0.29383420944213867,
    0.10412517935037613,
    0.058264631778001785,
    0.05194136127829552,
    0.03523264080286026,
    0.026803545653820038,
    0.02631896734237671,
    0.01966644823551178,
    0.0197308249771595,
    0.014500954188406467,
    0.011229583993554115,
    0.007984129711985588,
    0.0077153402380645275,
    0.006914347875863314,
    0.004536657594144344,
    0.0037956598680466413,
    0.0023996776435524225,
    0.0016404867637902498,
    0.0017808551201596856,
    0.0016943798400461674,
    0.002294575795531273,
    0.001772913383319974,
    0.0030183210037648678,
    0.002522505819797516,
    0.0019427066436037421,
    0.0033046016469597816,
    0.0019955637399107218,
    0.0013253741199150681,
    0.0008878649678081274
  ],
  "accuracy": [
    0.596593976020813,
    0.9360660314559937,
    0.9841681718826294,
    0.9918168187141418,
    0.990334153175354,
    0.9935203790664673,
    0.9951741099357605,
    0.9946390390396118,
    0.995124340057373,
    0.9949460029602051,
    0.9961720705032349,
    0.9967210292816162,
    0.9979755878448486,
    0.9977760314941406,
    0.9981394410133362,
    0.9987169504165649,
    0.9991446137428284,
    0.9992586970329285,
    0.9995152950286865,
    0.9996008276939392,
    0.9995437860488892,
    0.9993442296981812,
    0.9994867444038391,
    0.999230146408081,
    0.9992229342460632,
    0.9995437860488892,
    0.999230146408081,
    0.9996293187141418,
    0.9996008276939392,
    0.9996863603591919
  ],
  "val_loss": [
    0.9458329677581787,
    0.2148587554693222,
    0.2630183696746826,
    0.1619522124528885,
    0.4725865125656128,
    8.116117477416992,
    2.7094619274139404,
    0.35495612025260925,
    0.02149653062224388,
    0.07644601166248322,
    5.700478553771973,
    0.01234770379960537,
    0.08758674561977386,
    0.22263099253177643,
    0.060400474816560745,
    0.025945790112018585,
    0.02117231674492359,
    0.0073644788935780525,
    0.005229504778981209,
    0.00422802846878767,
    0.015845315530896187,
    0.008727509528398514,
    0.009770524688065052,
    0.0027638725005090237,
    0.004734728019684553,
    0.001394901773892343,
    0.002849338110536337,
    0.004408539738506079,
    0.00443650595843792,
    0.00823474582284689
  ],
  "val_accuracy": [
    0.4369419813156128,
    0.949032723903656,
    0.9661272168159485,
    0.983389139175415,
    0.9563058018684387,
    0.49678197503089905,
    0.7547061443328857,
    0.9203311204910278,
    0.9947916865348816,
    0.9789620637893677,
    0.5645275115966797,
    0.9971354007720947,
    0.985156238079071,
    0.9613653421401978,
    0.983389139175415,
    0.994140625,
    0.995312511920929,
    0.9977864623069763,
    0.9981771111488342,
    0.9989583492279053,
    0.9959635138511658,
    0.9977864623069763,
    0.998046875,
    0.999218761920929,
    0.9986979365348816,
    0.9996093511581421,
    0.999218761920929,
    0.998828113079071,
    0.9989583492279053,
    0.9977864623069763
  ]
}