{
  "test_accuracy": 0.9995876288659794,
  "test_loss": 0.0019605301335434786,
  "eer": 0.0007633587786259542,
  "eer_threshold": 0.595703125,
  "aeer": 0.0004669620441356779,
  "aeer_std": 0.0006250487406723363,
  "confusion_matrix": [
    [
      1309,
      1
    ],
    [
      0,
      1115
    ]
  ],
  "best_val_accuracy": 0.9995884773662551
}