{
  "wav2vec2_adam": {
    "accuracy": 0.8706106870229008,
    "eer": 11.297709923664122,
    "training_history": {
      "train_loss": [
        0.6038497925177199,
        0.4441795271505103,
        0.35481412496840214,
        0.30013869826583583,
        0.26353911079356507
      ],
      "train_acc": [
        0.7031153093840943,
        0.817756786412862,
        0.8574495491627308,
        0.8855493535613759,
        0.9005772625351844
      ],
      "val_acc": [
        0.7645038167938931,
        0.8221374045801527,
        0.8564885496183207,
        0.8801526717557252,
        0.8725190839694656
      ],
      "epoch_times": [
        505.90812587738037,
        289.55187153816223,
        297.7480933666229,
        298.3163626194,
        298.51216077804565
      ]
    }
  },
  "wav2vec2_rmsprop": {
    "accuracy": 0.8133587786259542,
    "eer": 12.290076335877863,
    "training_history": {
      "train_loss": [
        0.5863151965799419,
        0.453254368363955,
        0.37931822443456575,
        0.3273454886193744,
        0.2943581763009273
      ],
      "train_acc": [
        0.717570726587472,
        0.8137970516673823,
        0.8458565908115071,
        0.8722866275463956,
        0.883068555889509
      ],
      "val_acc": [
        0.7721374045801527,
        0.8206106870229007,
        0.8450381679389313,
        0.8381679389312977,
        0.8053435114503816
      ],
      "epoch_times": [
        295.8322923183441,
        296.79304456710815,
        299.8720772266388,
        298.62598752975464,
        296.9221136569977
      ]
    }
  },
  "gmm_mfcc": {
    "accuracy": 0.9877862595419847,
    "eer": 0.9923664122137404
  },
  "svm_mfcc": {
    "accuracy": 0.9950381679389313,
    "eer": 0.3053435114503817
  },
  "gmm_lfcc": {
    "accuracy": 0.9900763358778626,
    "eer": 0.6870229007633588
  },
  "svm_lfcc": {
    "accuracy": 0.9843511450381679,
    "eer": 1.7557251908396947
  },
  "resnet18_original": {
    "accuracy": 0.9995876288659794,
    "pgd_accuracy": 0.0
  },
  "resnet18_adversarial": {
    "accuracy": 0.9991752577319588,
    "pgd_accuracy": 0.9731958762886598
  }
}