{
  "original_model": {
    "clean_accuracy": 0.9995876288659794,
    "fgsm_results": {
      "0.001": 0.9550515463917526,
      "0.005": 0.9525773195876288,
      "0.01": 0.9525773195876288,
      "0.02": 0.9517525773195876,
      "0.05": 0.9529896907216495
    },
    "pgd_accuracy": 0.0
  },
  "adversarial_model": {
    "clean_accuracy": 0.9987628865979381,
    "fgsm_results": {
      "0.001": 0.9954639175257732,
      "0.005": 0.9917525773195877,
      "0.01": 0.9909278350515464,
      "0.02": 0.9892783505154639,
      "0.05": 0.9843298969072165
    },
    "pgd_accuracy": 0.8156701030927835
  },
  "improvements": {
    "clean_accuracy_change": -0.0008247422680413008,
    "fgsm_0.01_improvement": 0.038350515463917545,
    "pgd_improvement": 0.8156701030927835
  },
  "training_history": {
    "train_loss": [
      0.08637194978002145,
      0.016768663188705634,
      0.007986105023350083,
      0.006568394578606306,
      0.0056794323147992595
    ],
    "train_acc": [
      0.9671278625954198,
      0.9934637404580152,
      0.9968034351145039,
      0.9977576335877862,
      0.998043893129771
    ],
    "val_acc": [
      0.9995884773662551,
      0.9991769547325103,
      0.9979423868312757,
      0.9987654320987654,
      0.9995884773662551
    ],
    "epoch_times": [
      1743.0062441825867,
      117.48477840423584,
      115.29925465583801,
      114.7769067287445,
      115.04959344863892
    ]
  }
}