{
  "original_model": {
    "clean_accuracy": 0.9995876288659794,
    "fgsm_results": {
      "0.001": 0.9422680412371134,
      "0.005": 0.9385567010309278,
      "0.01": 0.9377319587628866,
      "0.02": 0.937319587628866,
      "0.05": 0.9402061855670103
    },
    "pgd_accuracy": 0.0
  },
  "adversarial_model": {
    "clean_accuracy": 0.9991752577319588,
    "fgsm_results": {
      "0.001": 0.9987628865979381,
      "0.005": 0.9971134020618557,
      "0.01": 0.9958762886597938,
      "0.02": 0.9830927835051546,
      "0.05": 0.9752577319587629
    },
    "pgd_accuracy": 0.9731958762886598
  },
  "improvements": {
    "clean_accuracy_change": -0.0004123711340205949,
    "fgsm_0.01_improvement": 0.05814432989690721,
    "pgd_improvement": 0.9731958762886598
  },
  "training_history": {
    "train_loss": [
      0.07093263392457526,
      0.015448406623065016,
      0.01106277513708777,
      0.007252787161646909,
      0.005223879627599061
    ],
    "train_acc": [
      0.9730916030534351,
      0.9942748091603053,
      0.9957538167938931,
      0.997662213740458,
      0.9981870229007633
    ],
    "val_acc": [
      0.9975308641975309,
      0.9987654320987654,
      0.9995884773662551,
      0.9995884773662551,
      1.0
    ],
    "epoch_times": [
      3944.792654275894,
      115.20917892456055,
      116.08802843093872,
      115.47604131698608,
      113.42770409584045
    ]
  }
}